{"hidden_size": 16, "Wxh": [[-0.05560092139626479, 0.39424150543603786, 0.18965990473553346, 0.21437355643684508, -0.1716031965352768, -0.32170673844862535, -0.20906330267438283, 0.7961030695394636, -0.010864592485562591, -0.6005930844210183, -0.27844160061394124, -0.07186372108133174, -0.10395391492547218, 0.024370523127108214, -0.20281264408088368], [0.036608964096896256, 0.14098301821855888, 0.6627717811469509, 0.6755894691296302, -0.6416807098915864, 0.173891446216027, -0.6526599095539036, -0.4771220443363427, -0.06592617779999481, 0.403515924942529, -0.32467014031682867, 0.045667627641771645, -0.563241128952569, -0.07136391845982296, 0.6302746097171052], [-0.0053024320607367075, 0.16292265113533877, 0.19710043687484177, 0.16187511562316598, 0.3443795437308032, 0.07701606860053108, 0.44938290585756047, -0.6437444188149953, 0.05227885728096998, -0.45078730293877556, -0.23074999554510567, -0.03251000472460807, 0.31750457994076764, -0.0020846083418859674, -0.13324502126422536], [-0.11832417797078432, -0.36706162081348503, 0.5099693405747071, 0.4777361207754871, 0.4330255528036754, -0.007465735505855285, 0.385843666454459, -0.3598000910551805, -0.06845272036619252, -1.1464366447224605, 0.21799894763542216, 0.07924826246624198, 0.2836479346504141, 0.2356574464980237, -0.22276071573073636], [-0.03792501892656317, -0.11862439138240367, 0.08791587161665096, 0.020101947886059224, 0.2592898001887883, 0.08207668200102189, 0.30738988079839646, -1.0137666034981663, 0.09255280489499129, 0.21697290135765718, -0.0575108264518866, -0.04653227698523654, 0.20575112438266513, -0.17975316224454035, 0.13472968269662283], [-0.10014262401546797, 0.1554187359952366, -0.1656654081372241, -0.18834907653559638, -0.12458212299672251, 0.2801835854169305, -0.1440834380072047, 0.8314068941467834, -0.05707594573104432, -0.14415869247937488, -0.056895238982125014, -0.04975557425293035, -0.15018253790661765, -0.2785030230094329, -0.21532014484435524], [-0.013579979395664049, -0.1876302157301241, 0.09331761294101533, 0.02233499511348027, -0.09671116730883644, -0.14482349476235748, -0.11891567974004191, 0.7143988230709085, 0.046790086341038824, -0.18638139522125477, 0.23644366256897806, 0.09868850042971017, -0.19586257485367162, 0.11563347964925566, -0.2143988949110648], [-0.03928121459559302, -0.1719936910395961, 0.5685275062373251, 0.5232495360037072, -0.11960345653695546, 0.23411738498524015, -0.16716546371299856, 0.07528534587433194, 0.02628533329079166, -0.49540508816291495, -0.04920298237050597, 0.04081427893867746, -0.20674419094160648, -0.17022195814322036, 0.025495076323287885], [-0.026946960545540313, 0.06452496819951395, -0.23863085931684683, -0.29440790188392574, -0.6664117724730754, -0.013304658990454264, -0.6854395253030698, 0.8369045711590875, -0.02547078710407572, 1.0396104789040235, -0.0009011048273525442, 0.03152857939787681, -0.5172900229104657, 0.06936732175482484, 0.33824890237990746], [0.14474051829169698, -0.2125459168960573, -0.6575984802076013, -0.7135745204186413, 0.561942978448679, -0.21341305926627888, 0.5428716479823684, -0.8964323563966333, 0.041064267215794065, 0.7208961362571161, 0.09736905739224203, -0.10064657208069838, 0.4639315941693045, 0.1178094159950974, -0.0757506435418778], [0.1449359888538193, 0.183004643269888, -0.2619578773099068, -0.3741577548374776, 0.43642384468192735, -0.06445959541154617, 0.44898226222895726, 0.7629556443620141, -0.08550484536652865, -0.7748754416042068, -0.2718036033665965, 0.061892343700389485, 0.3355378526540178, 0.04283807941579352, -0.5513240254770263], [-0.002891837540011707, 0.41005480013895373, 0.10278032643564218, 0.2311298142642247, -0.051910788441282794, -0.1379452688010843, -0.050463032939706116, 0.10602197613830115, 0.05618877075686525, -0.12784193879088718, -0.4146920235850039, -0.04949808340205777, -0.18442817729292837, -0.15097323856250594, -0.0050486910592371335], [0.06772223707758222, -0.14244954547919203, -0.8949592725587024, -0.8429000372408785, 0.8478650354123676, -0.05345581940605507, 0.8222445845932844, 0.7119786156230581, -0.06681089239214129, -0.4869220674137703, 0.22666334464234558, -0.022788371395051646, 0.6801316730288554, -0.043359330122723846, -0.7783951787892373], [0.0324094695064602, -0.02816847114362421, -0.09345240644676348, -0.06504734333400196, 0.5252129220882105, -0.2611802711189462, 0.4342455425406522, -0.9095078256152767, 0.10776814546074824, -0.23866428790460206, 0.06888694626372119, 0.05257820620409545, 0.35272401734392, 0.29312780958687434, -0.10883767923347659], [-0.17676618674311118, 0.4757228645962325, 0.6314719197582314, 0.647494968780299, -0.23344766629507246, 0.29611354808314844, -0.18631810714711677, 0.5946967198961572, 0.05911384202686555, -0.7533363073080049, -0.5435817857337774, 0.03990492127539717, -0.18481211675691372, -0.3176497360706756, -0.0015351234658869445], [0.12498170100713171, 0.1671268734831432, 0.870343711947038, 0.8044265897393202, -0.3842021756689175, 0.11334518710999877, -0.40651376717958254, -0.8967998900953342, 0.0031015934265896496, -0.07889904789346484, -0.21352171017527147, -0.06017843836902183, -0.3014524216121719, -0.0996251929544649, 0.5283527990424036]],